timestamp,message
1651441876000,1651441876 46751 172.31.24.7 172.31.24.7 123 108.61.56.35 108.61.56.35 us-east-1 76
1651441876000,1651441876 123 108.61.56.35 108.61.56.35 46751 172.31.24.7 172.31.24.7 us-east-1 76
1651441876000,1651441876 123 194.58.203.148 194.58.203.148 48096 172.31.24.7 172.31.24.7 us-east-1 76
1651441876000,1651441876 48096 172.31.24.7 172.31.24.7 123 194.58.203.148 194.58.203.148 us-east-1 76
1651442431000,1651442431 39132 172.31.24.7 172.31.24.7 123 194.58.203.148 194.58.203.148 us-east-1 76
1651442431000,1651442431 123 194.58.203.148 194.58.203.148 39132 172.31.24.7 172.31.24.7 us-east-1 76
1651442431000,1651442431 123 108.61.56.35 108.61.56.35 49889 172.31.24.7 172.31.24.7 us-east-1 76
1651442431000,1651442431 49889 172.31.24.7 172.31.24.7 123 108.61.56.35 108.61.56.35 us-east-1 76
1651442713000,1651442713 57415 172.31.24.7 172.31.24.7 123 162.159.200.123 162.159.200.123 us-east-1 76
1651442713000,1651442713 41252 172.31.24.7 172.31.24.7 123 23.149.208.12 23.149.208.12 us-east-1 76
1651442713000,1651442713 123 162.159.200.123 162.159.200.123 57415 172.31.24.7 172.31.24.7 us-east-1 76
1651442713000,1651442713 123 23.149.208.12 23.149.208.12 41252 172.31.24.7 172.31.24.7 us-east-1 76
1651442891000,1651442891 123 194.58.203.148 194.58.203.148 56687 172.31.24.7 172.31.24.7 us-east-1 76
1651442891000,1651442891 56687 172.31.24.7 172.31.24.7 123 194.58.203.148 194.58.203.148 us-east-1 76
1651442945000,1651442945 34133 172.31.24.7 172.31.24.7 123 108.61.56.35 108.61.56.35 us-east-1 76
1651442945000,1651442945 123 108.61.56.35 108.61.56.35 34133 172.31.24.7 172.31.24.7 us-east-1 76
1651443255000,1651443255 123 23.149.208.12 23.149.208.12 56393 172.31.24.7 172.31.24.7 us-east-1 76
1651443255000,1651443255 56393 172.31.24.7 172.31.24.7 123 23.149.208.12 23.149.208.12 us-east-1 76
1651443426000,1651443426 123 194.58.203.148 194.58.203.148 51083 172.31.24.7 172.31.24.7 us-east-1 76
1651443426000,1651443426 123 108.61.56.35 108.61.56.35 45871 172.31.24.7 172.31.24.7 us-east-1 76
1651443426000,1651443426 45871 172.31.24.7 172.31.24.7 123 108.61.56.35 108.61.56.35 us-east-1 76
1651443426000,1651443426 51083 172.31.24.7 172.31.24.7 123 194.58.203.148 194.58.203.148 us-east-1 76
1651443736000,1651443736 37985 172.31.24.7 172.31.24.7 123 23.149.208.12 23.149.208.12 us-east-1 76
1651443736000,1651443736 123 162.159.200.123 162.159.200.123 48021 172.31.24.7 172.31.24.7 us-east-1 76
1651443736000,1651443736 123 23.149.208.12 23.149.208.12 37985 172.31.24.7 172.31.24.7 us-east-1 76
1651443736000,1651443736 48021 172.31.24.7 172.31.24.7 123 162.159.200.123 162.159.200.123 us-east-1 76
1651443968000,1651443968 37559 172.31.24.7 172.31.24.7 123 194.58.203.148 194.58.203.148 us-east-1 76
1651443968000,1651443968 123 194.58.203.148 194.58.203.148 37559 172.31.24.7 172.31.24.7 us-east-1 76
1651443968000,1651443968 123 108.61.56.35 108.61.56.35 40267 172.31.24.7 172.31.24.7 us-east-1 76
1651443968000,1651443968 40267 172.31.24.7 172.31.24.7 123 108.61.56.35 108.61.56.35 us-east-1 76
1651444272000,1651444272 123 23.149.208.12 23.149.208.12 59529 172.31.24.7 172.31.24.7 us-east-1 76
1651444272000,1651444272 59529 172.31.24.7 172.31.24.7 123 23.149.208.12 23.149.208.12 us-east-1 76